"BROKEN","EPIC","FAILED","FEATURE","PASSED","SKIPPED","STORY","UNKNOWN"
"0","","0","","8","0","","0"
"0","Framework Hardening","0","Reporting Insights","1","0","Business Validation","0"
"1","Framework Hardening","0","Reporting Insights","0","0","Test Defect","0"
"0","Framework Hardening","0","Reporting Insights","1","0","Successful Execution","0"
"0","Framework Hardening","0","Reporting Insights","1","0","Reporting Dashboard","0"
"0","Framework Hardening","0","Reporting Insights","1","0","Attachment Example","0"
"0","Framework Hardening","0","Reporting Insights","1","0","Metadata Demonstration","0"
"0","Framework Hardening","0","Reporting Insights","1","0","Step Reporting","0"
"1","Framework Hardening","0","Reporting Insights","0","0","Flaky Failure","0"
"0","Framework Hardening","1","Reporting Insights","0","0","Product Defect","0"
